{"name":"KyivMetroGO","short_name":"MetroGO","description":"Інтерактивна карта виходів з київського метро","start_url":"/","display":"standalone","background_color":"#000000","theme_color":"#ffffff","orientation":"portrait-primary","scope":"./","icons":[{"src":"icon-72x72.png","sizes":"72x72","type":"image/png","purpose":"maskable any"},{"src":"icon-96x96.png","sizes":"96x96","type":"image/png","purpose":"maskable any"},{"src":"icon-128x128.png","sizes":"128x128","type":"image/png","purpose":"maskable any"},{"src":"icon-144x144.png","sizes":"144x144","type":"image/png","purpose":"maskable any"},{"src":"icon-152x152.png","sizes":"152x152","type":"image/png","purpose":"maskable any"},{"src":"icon-192x192.png","sizes":"192x192","type":"image/png","purpose":"maskable any"},{"src":"icon-384x384.png","sizes":"384x384","type":"image/png","purpose":"maskable any"},{"src":"icon-512x512.png","sizes":"512x512","type":"image/png","purpose":"maskable any"}]}